admin@yahoo.com,admin123,admin
jeremiah@yahoo.com,user123,jeremiah
banico@yahoo.com,user123,banico
stephen@yahoo.com,user123,stephen
tibon@yahoo.com,user123,tibon
alipar@yahoo.com,user123,alipar
jovannie@yahoo.com,user123,jovannie
user@yahoo.com,user123,user
user2@yahoo.com,user123,user2
user3@yahoo.com,user123,user3
user4@yahoo.com,user123,user4
user5@yahoo.com,user123,user5
user6@yahoo.com,user123,user6
user7@yahoo.com,user123,user7
user8@yahoo.com,user123,user8
user9@yahoo.com,user123,user8
user10@yahoo.com,user123,user10
user11@yahoo.com,user123,user11
user12@yahoo.com,user123,user12
user13@yahoo.com,user123,user13
user14@yahoo.com,user123,user14
user15@yahoo.com,user123,user15
user16@yahoo.com,user123,user16
user17@yahoo.com,user123,user17
